{
    "max_step": 200,
    "dt": 0.05,
    "converged": [
        false
    ],
    "collisions": [
        0
    ],
    "collisions_ser": [
        0
    ],
    "agent_0": {
        "id": 0,
        "time_conv": [
            0
        ],
        "time_direct": [
            0
        ],
        "direct_dist": [
            0.0
        ],
        "prox": [
            1.0
        ],
        "list_prox": [
            5.0,
            5.0,
            5.000067939831298,
            5.000130349109293,
            5.000187388941336,
            5.000239254883973,
            5.000286170441946,
            5.000328392407002,
            5.000366183651497,
            5.0003998231682925,
            5.000429600576198,
            5.00045581249574,
            5.000482991683011,
            5.000513828830894,
            5.0005484700017275,
            5.000587108469888,
            5.000629954889299,
            5.000677211412892,
            5.000729048088502,
            5.000785551735692,
            5.0008420112507395,
            5.00089828833995,
            5.000954267172296,
            5.001010060980805,
            5.001069927822201,
            5.001138512524707,
            5.001215783837649,
            5.001301641658649,
            5.001395903270722,
            5.0014982906876995,
            5.001608425794995,
            5.001725846286437,
            5.001850060752148,
            5.001980657714049,
            5.002117458987058,
            5.002260660680694,
            5.002410869046026,
            5.002568984196811,
            4.999439724555317,
            4.965293912344742,
            4.931029377325657,
            4.89663668683804,
            4.862106166744876,
            4.827427949331162,
            4.792591990963566,
            4.7575880730579625,
            4.722405799950843,
            4.68703460185881,
            4.651463745932357,
            4.615682355300872,
            4.579636421219172,
            4.543172377093039,
            4.506263274515198,
            4.468889261431134,
            4.431029383932953,
            4.392661345730892,
            4.353761264838543,
            4.314303440850304,
            4.274260143217143,
            4.233603084784542,
            4.192306413314056,
            4.150334797371558,
            4.107671584588135,
            4.064317691306642,
            4.020281150258209,
            3.9755780032802734,
            3.930229682929951,
            3.884263533295591,
            3.8377135987956583,
            3.7906221409838237,
            3.743041825542745,
            3.695038553370781,
            3.6466737344894162,
            3.598032681398259,
            3.5492420645160987,
            3.5003660553454554,
            3.4515354519222803,
            3.4028945592448747,
            3.3545987731662623,
            3.3068105032922794,
            3.259693095181788,
            3.2134025246261735,
            3.16807686126138,
            3.123823847047249,
            3.0807073843971655,
            3.0387342057442024,
            2.997842376860399,
            2.9578934233185388,
            2.918669654444706,
            2.8798776967310755,
            2.8411585029055733,
            2.8021034664102165,
            2.7622760466301717,
            2.721238648081538,
            2.678585265941061
        ],
        "total_dist": [
            0
        ]
    },
    "agent_1": {
        "id": 1,
        "time_conv": [
            4.749999999999991
        ],
        "time_direct": [
            7.280109889280518
        ],
        "direct_dist": [
            7.280109889280518
        ],
        "prox": [
            1.0
        ],
        "list_prox": [
            3.0413812651491097,
            3.0276211677366516,
            3.013707172741104,
            2.9996122208302043,
            2.985323653442998,
            2.9708393172873557,
            2.956182295154422,
            2.9413657756675367,
            2.926411403779147,
            2.911346000894432,
            2.8962005731760665,
            2.881009441450747,
            2.865809477833042,
            2.8506394310436116,
            2.8355393390886934,
            2.8205500267254546,
            2.805712675695413,
            2.7910684474202028,
            2.776658126189359,
            2.762521739666874,
            2.748698072116102,
            2.7352240619162136,
            2.7222375763598334,
            2.709914830824353,
            2.6982614256646524,
            2.687280107994339,
            2.6769712081773784,
            2.667333588229316,
            2.658365794052224,
            2.6500670670471576,
            2.642438000380349,
            2.635480803482147,
            2.629199259959581,
            2.623598503597102,
            2.6186847217306872,
            2.614464859912151,
            2.610939344483776,
            2.608130119185506,
            2.6060379441983557,
            2.6046708301778043,
            2.6040368280896184,
            2.6041440192526277,
            2.6050005295798404,
            2.60661456038852,
            2.6089944296196133,
            2.612148618687863,
            2.616085821376035,
            2.62081499216377,
            2.6263453921547852,
            2.6326866313623065,
            2.6397116851142526,
            2.646990790698783,
            2.6545253270073683,
            2.662319659363135,
            2.670381464207722,
            2.678722101147139,
            2.687357031195493,
            2.6963062802792233,
            2.7055949496982796,
            2.715253783940406,
            2.725319818138565,
            2.735837123144361,
            2.7466930449157134,
            2.75786063302351,
            2.769338138647274,
            2.7811215123344555,
            2.7932045320450642,
            2.8055789957501327,
            2.818234995613568,
            2.8311612887423414,
            2.8443457770241234,
            2.8577761051529653,
            2.8712191165072785,
            2.884378340237273,
            2.8972024836164705,
            2.9096393452827685,
            2.921636276876397,
            2.933140574823266,
            2.9440999241830057,
            2.95446290099697,
            2.9641795299187397,
            2.973201879029306,
            2.981484655447272,
            2.988985747578865,
            2.9956666487706345,
            3.0014927002243468,
            3.0064331148690697,
            2.9739377281551516,
            2.9341546457062875,
            2.8942060176721665,
            2.8536670313105152,
            2.8120854180943833,
            2.7690089566349347,
            2.724019170302273,
            2.6767725622520904
        ],
        "total_dist": [
            4.094330675321472
        ]
    },
    "agent_2": {
        "id": 2,
        "time_conv": [
            4.749999999999991
        ],
        "time_direct": [
            0.0
        ],
        "direct_dist": [
            0.0
        ],
        "prox": [
            1.0
        ],