{
    "max_step": 200,
    "dt": 0.05,
    "converged": [
        false
    ],
    "collisions": [
        0
    ],
    "collisions_ser": [
        0
    ],
    "agent_0": {
        "id": 0,
        "time_conv": [
            0
        ],
        "time_direct": [
            0
        ],
        "direct_dist": [
            0.0
        ],
        "prox": [
            1.0
        ],
        "list_prox": [
            4.242640687119285,
            4.208268384828272,
            4.172545756502474,
            4.135642431115896,
            4.097731156407475,
            4.058981683959454,
            4.019610865419548,
            3.9797587587706285,
            3.9395229089890007,
            3.8989845861970505,
            3.858213656427955,
            3.8172747308770196,
            3.7762322479195616,
            3.735153718389925,
            3.6941111228884513,
            3.6531806994016915,
            3.612441468180343,
            3.571972976048519,
            3.5318528793308306,
            3.4921550003732005,
            3.452948305686686,
            3.4142910081601063,
            3.3761596545725263,
            3.338606782916964,
            3.301696050397959,
            3.2654914640151786,
            3.230058551474004,
            3.1954652499649594,
            3.1617825280791463,
            3.129046670859463
        ],
        "total_dist": [
            0
        ]
    },
    "agent_1": {
        "id": 1,
        "time_conv": [
            1.5000000000000007
        ],
        "time_direct": [
            7.0
        ],
        "direct_dist": [
            7.0
        ],
        "prox": [
            1.0
        ],
        "list_prox": [
            3.905124837953327,
            3.8657600519824564,
            3.827767768492959,
            3.791102859739126,
            3.7556826743465637,
            3.72139547241451,
            3.688045900800117,
            3.655504250850841,
            3.623680661089344,
            3.592499869931956,
            3.5618985241044827,
            3.5318196422731893,
            3.5022076619021036,
            3.4730055029147464,
            3.444153922372714,
            3.4155929204901407,
            3.387264676892275,
            3.3591172560901406,
            3.331108170377153,
            3.3032069698115727,
            3.275396388175562,
            3.2476789903347774,
            3.220158371669681,
            3.192854503702463,
            3.1657815717454563,
            3.1389606674826314,
            3.1124185451939255,
            3.086186717390861,
            3.0603008322168104,
            3.034840943052866
        ],
        "total_dist": [
            1.6869024128932704
        ]
    },
    "agent_2": {
        "id": 2,
        "time_conv": [
            1.5000000000000007
        ],
        "time_direct": [
            0.0
        ],
        "direct_dist": [
            0.0
        ],
        "prox": [
            1.0
        ],
        "list_prox": [
            3.8657600519824564,
            3.827767768492959,
            3.791102859739126,
            3.7556826743465637,
            3.72139547241451,
            3.688045900800117,
            3.655504250850841,
            3.623680661089344,
            3.592499869931956,
            3.5618985241044827,
            3.5318196422731893,
            3.5022076619021036,
            3.4730055029147464,
            3.444153922372714,
            3.4155929204901407,
            3.387264676892275,
            3.3591172560901406,
            3.331108170377153,
            3.3032069698115727,
            3.275396388175562,
            3.2476789903347774,
            3.220158371669681,
            3.192854503702463,
            3.1657815717454563,
            3.1389606674826314,
            3.1124185451939255,
            3.086186717390861,
            3.0603008322168104,
            3.034840943052866,
            3.009604578192381
        ],
        "total_dist": [
            0.0
        ]
    }
}