{
    "max_step": 500,
    "dt": 0.05,
    "converged": [
        false
    ],
    "collisions": [
        0
    ],
    "collisions_ser": [
        0
    ],
    "agent_0": {
        "id": 0,
        "time_conv": [
            1.4500000000000006
        ],
        "time_direct": [
            8.753177994305839
        ],
        "direct_dist": [
            8.753177994305839
        ],
        "prox": [
            1.0
        ],
        "list_prox": [
            2.304479333819247,
            2.3182872924892304,
            2.3472673990040054,
            2.3734026059882236,
            2.396016061931438,
            2.415412453907252,
            2.4303468685574328,
            2.441904391231159,
            2.450912411040338,
            2.4588412802844557,
            2.4659999154662047,
            2.477314716633935,
            2.4869742051165735,
            2.4955884745288057,
            2.502778954267841,
            2.508598553530699,
            2.512460346664641,
            2.5145223610614105,
            2.5149357484890027,
            2.49232484907493,
            2.4940822985544653,
            2.4948423749486133,
            2.493884368068594,
            2.474704568945311,
            2.5231296256005846,
            2.516961013989052,
            2.5114397245199904,
            2.492815745935453,
            2.53702961049331
        ],
        "total_dist": [
            1.4464381127128232
        ]
    },
    "agent_1": {
        "id": 1,
        "time_conv": [
            1.4500000000000006
        ],
        "time_direct": [
            8.175611597917309
        ],
        "direct_dist": [
            8.175611597917309
        ],
        "prox": [
            1.0
        ],
        "list_prox": [
            2.125,
            2.174294531219948,
            2.265230060827802,
            2.3450390804944083,
            2.414219286151092,
            2.4566361459671193,
            2.480475280107906,
            2.525209051501499,
            2.555140692062013,
            2.5847089791051054,
            2.6111627469223406,
            2.636183669372953,
            2.6602446832363724,
            2.682532232339346,
            2.681044162000862,
            2.723702849672852,
            2.737031261040848,
            2.729380111433689,
            2.7631344868558103,
            2.7536799654936934,
            2.748292962101003,
            2.771401429348724,
            2.7741198144463155,
            2.7667109515031196,
            2.766882961104281,
            2.759595906740298,
            2.760449583916037,
            2.8065346798704156,
            2.8019763271141187
        ],
        "total_dist": [
            1.4190028611402261
        ]
    },
    "agent_2": {
        "id": 2,
        "time_conv": [
            1.4500000000000006
        ],
        "time_direct": [
            5.004810186210861
        ],
        "direct_dist": [
            5.004810186210861
        ],
        "prox": [
            1.0
        ],
        "list_prox": [
            4.27704629388086,
            4.267493100189388,
            4.259474042812407,
            4.247440112404629,
            4.173368107296565,
            4.099756979346321,
            4.028243034349476,
            3.957932923397598,
            3.8899968737328985,
            3.8233802598085873,
            3.7575622828991744,
            3.6939521226777523,
            3.6311287723441783,
            3.568638488799361,
            3.5066686308644757,
            3.4481928327650184,
            3.390584103324872,
            3.3339506985210527,
            3.281396240051682,
            3.2403199027444463,
            3.2061924588530806,
            3.168477339738284,
            3.1302154732634206,
            3.0952218143572083,
            3.1137053935533547,
            3.1391010508997166,
            3.1109235217452214,
            3.134597891002298,
            3.1075158840058
        ],
        "total_dist": [
            1.1920609417101484
        ]
    },
    "agent_3": {
        "id": 3,
        "time_conv": [
            1.4500000000000006
        ],
        "time_direct": [
            6.927707052120493
        ],
        "direct_dist": [
            6.927707052120493
        ],
        "prox": [
            1.0
        ],
        "list_prox": [
            2.7,
            2.662945255182657,
            2.6275879826772512,
            2.601063166079129,
            2.6285865725569435,
            2.6619395172290554,
            2.654865334423429,
            2.6892750927254294,
            2.709149989557469,
            2.7399038645219416,
            2.7468058957012182,
            2.7641224699240627,
            2.7517515546080813,
            2.7661082017871736,
            2.7624066040596515,
            2.7779330097583523,
            2.7842344182708167,
            2.780515242472053,
            2.8223585986417916,
            2.817091905728631,
            2.802046945559485,
            2.796474814240707,
            2.8285209858522844,
            2.82441377058555,
            2.8609789454769246,
            2.8619117574583064,
            2.910306615413676,
            2.8886330224237575,
            2.8908525380855523
        ],
        "total_dist": [
            0.7476494197850211
        ]
    },
    "agent_4": {
        "id": 4,
        "time_conv": [
            1.4500000000000006
        ],
        "time_direct": [
            4.7053825561796785
        ],
        "direct_dist": [
            4.7053825561796785
        ],
        "prox": [
            1.0
        ],
        "list_prox": [
            2.4212855717034367,
            2.513688355167142,
            2.6058965616158236,
            2.6982220597621205,
            2.790479947001173,
            2.8825382567493962,
            2.9740165261837523,
            3.0628974196940795,
            3.149303445375229,
            3.2332351363205656,
            3.27269284203766,
            3.275505967498289,
            3.28070854569865,
            3.289081986122141,
            3.3005460310852865,
            3.314086428760538,
            3.3294708307101812,
            3.3464067303835248,
            3.361385194197542,
            3.3785059511263706,
            3.397582727123503,
            3.4178618452220286,
            3.4264763937927034,
            3.4468121788560997,
            3.4687124725103553,
            3.4930511457828906,
            3.499464568510263,
            3.525158344666039,
            3.5313369947519058
        ],
        "total_dist": [
            1.5746834150332274
        ]
    },
    "agent_5": {
        "id": 5,
        "time_conv": [
            1.4500000000000006
        ],
        "time_direct": [
            6.98860679964183
        ],
        "direct_dist": [
            6.98860679964183
        ],
        "prox": [
            1.0
        ],
        "list_prox": [
            2.8882725730798042,
            2.874328862388022,
            2.8269845795361666,
            2.7845806331334804,
            2.7900085209324987,
            2.7548168055140745,
            2.768732538634999,
            2.783158836932887,
            2.7983081460166535,
            2.813946971042591,
            2.8005631522545893,
            2.786857650371623,
            2.7726738560180877,
            2.76154045835467,
            2.750693726810579,
            2.7414622392164865,
            2.7333978035256803,
            2.726918154897968,
            2.795743041209067,
            2.7866583016489117,
            2.774560321230586,
            2.7630803577068823,
            2.8285164325020222,
            2.8193222150050357,
            2.8100844542826606,
            2.799343158956184,
            2.79841046181839,
            2.792986943787417,
            2.855171975473748
        ],
        "total_dist": [
            1.4374429421018768
        ]
    },
    "agent_6": {
        "id": 6,
        "time_conv": [
            1.4500000000000006
        ],