{
    "max_step": 200,
    "dt": 0.05,
    "converged": [
        false
    ],
    "collisions": [
        24
    ],
    "collisions_ser": [
        0
    ],
    "agent_0": {
        "id": 0,
        "time_conv": [
            0
        ],
        "time_direct": [
            0
        ],
        "direct_dist": [
            0.0
        ],
        "prox": [
            1.0
        ],
        "list_prox": [
            5.0,
            5.0,
            5.0000486096083545,
            5.000097504075182,
            5.000146784414846,
            5.000196552750924,
            5.0002469123562605,
            5.000297793109423,
            5.000349622038785,
            5.000402498544067,
            5.000456282765572,
            5.00051119179396,
            5.000567335998091,
            5.000624827222054,
            5.0006837790693695,
            5.00074430730667,
            5.000806530400063,
            5.000870570191879,
            5.000936552719578,
            5.001004609172953,
            5.0010748769810816,
            5.001147501017218,
            5.001222634908409,
            5.001300442437047,
            5.001381099023697,
            5.001464793284047,
            5.001551728657268,
            5.001642125108049,
            5.001736220909593,
            5.001834274519806,
            5.001936566567401,
            5.0020434019688365,
            5.002155112200678,
            5.002272057755481,
            5.002394630812504,
            5.002523258157864,
            5.002658404392075,
            5.002800575466659,
            5.002950322595563,
            5.0031082465918475,
            5.003275002685452,
            5.000146568715825,
            4.966954534660257,
            4.9335218362547835,
            4.89983446459567,
            4.865878325404408,
            4.831639275799987,
            4.797103161135021,
            4.76225585255087,
            4.727083285930138,
            4.691571502950431,
            4.655706694972634,
            4.619451540349017,
            4.582692811583913,
            4.545403484286424,
            4.507561512605956,
            4.469139134945349,
            4.43011210817676,
            4.390453787461995,
            4.35013638163112,
            4.309131055883505,
            4.267407996554063,
            4.224936532987559,
            4.181685334092389,
            4.13762270134776,
            4.092716985164818,
            4.046937157524381,
            4.000478343708624,
            3.95342800462509,
            3.905843118941459,
            3.8577820212290805,
            3.809308879836888,
            3.7604934230040907,
            3.7114106323683993,
            3.662140373393215,
            3.612766963340485,
            3.563378677478708,
            3.514067193597727,
            3.464890503577308,
            3.4156775682889546,
            3.3665596615179125,
            3.3176350660494003,
            3.269020060407357,
            3.220844993269773,
            3.1732567767127007,
            3.1264180490451023,
            3.080505085105706,
            3.0357042605563103,
            2.9922073640534173,
            2.950206157075127,
            2.909886508058143,
            2.871419509056964,
            2.8349579355558654,
            2.8006295427575316,
            2.768543353611606,
            2.7387742404757374,
            2.711364010923845,
            2.686319933839667,
            2.6636142155392593,
            2.6431845095845636,
            2.624935377161818,
            2.608740341206153,
            2.5944439225935607,
            2.5818628970421766,
            2.570785995025217,
            2.548012131478125,
            2.545232078772283,
            2.541109964091057,
            2.530646171613755,
            2.5207615602698437,
            2.5120881692560144,
            2.5165949394540124,
            2.5041367345213135,
            2.4983013565670014,
            2.4932115095962133,
            2.488638410189018,
            2.4928949850154316,
            2.4776684942613474
        ],
        "total_dist": [
            0
        ]
    },
    "agent_1": {
        "id": 1,
        "time_conv": [
            5.899999999999987
        ],
        "time_direct": [
            7.280109889280518
        ],
        "direct_dist": [
            7.280109889280518
        ],
        "prox": [
            1.0
        ],