{
    "max_step": 1000,
    "dt": 0.05,
    "converged": [
        false
    ],
    "collisions": [
        0
    ],
    "collisions_ser": [
        0
    ],
    "agent_0": {
        "id": 0,
        "time_conv": [
            1.0500000000000003
        ],
        "time_direct": [
            6.518147743032525
        ],
        "direct_dist": [
            6.518147743032525
        ],
        "prox": [
            0.9971045359417331
        ],
        "list_prox": [
            0.46129613754387805,
            0.8889688811928618,
            1.2816919759830334,
            1.6374621900780924,
            1.9540428218691344,
            2.2291963474375853,
            2.460573272582784,
            2.6456818523386607,
            2.7818286413867295,
            2.8661310920494363,
            2.89546405826687,
            2.89546405826687,
            2.89546405826687,
            2.89546405826687,
            2.89546405826687,
            2.89546405826687,
            2.89546405826687,
            2.89546405826687,
            2.89546405826687,
            2.89546405826687,
            2.89546405826687
        ],
        "total_dist": [
            1.1155194380166753
        ]
    },
    "agent_1": {
        "id": 1,
        "time_conv": [
            1.0500000000000003
        ],
        "time_direct": [
            8.298945716173833
        ],
        "direct_dist": [
            8.298945716173833
        ],
        "prox": [
            0.9812983995612559
        ],
        "list_prox": [
            1.0,
            2.0,
            3.0,
            4.0,
            5.0,
            6.0,
            7.0,
            8.0,
            9.0,
            10.0,
            11.0,
            11.988823886722196,
            12.930338049571407,
            13.824698194300522,
            14.671838073208066,
            15.47139931386029,
            16.222653686490116,
            16.924399299574702,
            17.574859910885788,
            18.16799615366524,
            18.701600438744133
        ],
        "total_dist": [
            1.2589836392632257
        ]
    },
    "agent_2": {
        "id": 2,
        "time_conv": [
            1.0500000000000003
        ],
        "time_direct": [
            5.587933428379404
        ],
        "direct_dist": [
            5.587933428379404
        ],
        "prox": [
            1.0
        ],
        "list_prox": [
            0.0,
            0.0,
            0.0,
            0.0,
            0.0,
            0.0,
            0.0,
            0.0,
            0.0,
            0.0,
            0.0,
            0.0,
            0.0,
            0.0,
            0.0,
            0.0,
            0.0,
            0.0,
            0.0,
            0.0,
            0.0
        ],
        "total_dist": [
            1.2609027873148315
        ]
    },
    "agent_3": {
        "id": 3,
        "time_conv": [
            1.0500000000000003
        ],
        "time_direct": [
            9.269641309133812
        ],
        "direct_dist": [
            9.269641309133812
        ],
        "prox": [
            0.9982121170761543
        ],
        "list_prox": [
            0.9413815985374874,
            1.7878829238457157,
            1.7878829238457157,
            1.7878829238457157,
            1.7878829238457157,
            1.7878829238457157,
            1.7878829238457157,
            1.7878829238457157,
            1.7878829238457157,
            1.7878829238457157,
            1.7878829238457157,
            1.7878829238457157,
            1.7878829238457157,
            1.7878829238457157,
            1.7878829238457157,
            1.7878829238457157,
            1.7878829238457157,
            1.7878829238457157,
            1.7878829238457157,
            1.7878829238457157,
            1.7878829238457157
        ],
        "total_dist": [
            0.9337494306786697
        ]
    },
    "agent_4": {
        "id": 4,
        "time_conv": [
            1.0500000000000003
        ],
        "time_direct": [
            0.5942432162002356
        ],
        "direct_dist": [
            0.5942432162002356
        ],
        "prox": [
            0.998055217643805
        ],
        "list_prox": [
            0.2965907407588381,
            0.5675625600629628,
            0.8129849216367473,
            1.0330112784119554,
            1.2280305520748644,
            1.3984426244155204,
            1.5447222959088178,
            1.667423008297295,
            1.7671219138335756,
            1.8442987237545967,
            1.8993952982942244,
            1.9327977048977953,
            1.9447823561950037,
            1.9447823561950037,
            1.9447823561950037,
            1.9447823561950037,
            1.9447823561950037,
            1.9447823561950037,
            1.9447823561950037,
            1.9447823561950037,
            1.9447823561950037
        ],
        "total_dist": [
            0.4192115785849846
        ]
    }
}