{
    "max_step": 200,
    "dt": 0.05,
    "converged": [
        false
    ],
    "collisions": [
        0
    ],
    "collisions_ser": [
        0
    ],
    "agent_0": {
        "id": 0,
        "time_conv": [
            0
        ],
        "time_direct": [
            0
        ],
        "direct_dist": [
            5.0
        ],
        "prox": [
            1.0
        ],
        "list_prox": [
            4.242640687119285,
            4.222392139404123,
            4.202106634188262,
            4.181869967954709,
            4.161741856816554,
            4.141739361683213,
            4.121856573786054,
            4.102079368300382,
            4.0823886270855505,
            4.062761410293502,
            4.0431733588346335,
            4.0236015104351255,
            4.004026577206276,
            3.9844343756046667,
            3.9648164832355532,
            3.945170319756305,
            3.925498848187297,
            3.905810052438398,
            3.8861163027161716,
            3.866433684214812,
            3.8467813377668665,
            3.8271808423863423,
            3.807655656759634,
            3.788230627924987,
            3.7689315693207592,
            3.7497849062081103,
            3.7308173836398786,
            3.7120558303221975,
            3.6935269706922402,
            3.675257277171203,
            3.657272854726976,
            3.6395993504785142,
            3.622261881970566,
            3.60528497881628,
            3.5887144315387722,
            3.572542618372865,
            3.5568305903790436,
            3.5415934939166216,
            3.5268452019191465,
            3.5125998258730426,
            3.4988716530721478,
            3.4856750878647205,
            3.473024596233823,
            3.4609346531496157,
            3.4494196923612392,
            3.4384940584527737,
            3.4281719610569104,
            3.4184674106889386,
            3.4093933888403454,
            3.4009621566474855,
            3.393185560800141,
            3.386074954483239,
            3.379641125547796,
            3.373894231258436,
            3.3688437388702557,
            3.3644981269528658,
            3.3608642073878383,
            3.3579473439892062,
            3.3557514204712797,
            3.3542771909206106,
            3.353528168877658,
            3.3535238980262867,
            3.354274352981793,
            3.3557982938926134,
            3.3581090799914306,
            3.3612132177793876,
            3.3651070112992225,
            3.369793205716259,
            3.3752700238948634,
            3.381535811623405,
            3.388589039116596,
            3.3964282970998316,
            3.405052286907192,
            3.4144598040645238,
            3.424649714878637,
            3.435620925582296,
            3.4473723439229085,
            3.4599029258642258,
            3.4732113548509367,
            3.487295807333359,
            3.502153900435968,
            3.5177826290847327,
            3.5341782889086057,
            3.5513363784858947,
            3.5692514701543474,
            3.587917031903125,
            3.607325172900437,
            3.627466271174271,
            3.648328424060962,
            3.669896643778019,
            3.6921517135619037,
            3.715068652597747,
            3.738614865178395,
            3.7627483488051987,
            3.787416852634608,
            3.8125594686540794,
            3.8381122713540243,
            3.864018502884053,
            3.8902412948763727,
            3.916774601420705,
            3.9439269600644815,
            3.9718317425398033,
            4.000533193170271,
            4.030075069992541,
            4.0604952753659145,
            4.09182307010711,
            4.1240786478394496,
            4.157274434778627,
            4.191417408407837,
            4.225196692062995,
            4.257997397036578,
            4.2898094603006784,
            4.320624200978147,
            4.35043503274386,
            4.379237822402396,
            4.4070310351567015,
            4.433815776271789,
            4.459595804277035,
            4.484377559835779,
            4.508170227316783,
            4.530985822672067,
            4.552839283029323,
            4.573748524396049,
            4.5937344418453545,
            4.612820886372233,
            4.6310352816316325,
            4.649781426506183,
            4.667549536596033,
            4.68438887148482,
            4.700351943314069,
            4.715488190342711,
            4.729843820112246,
            4.743461985947988,
            4.756383012165847,
            4.768644619760296,
            4.780282139657789,
            4.791328709386222,
            4.801815452081184,
            4.811771638114029,
            4.821224830312032,
            4.830201014085407,
            4.838724713921661,
            4.846819097729797,
            4.854506070461492,
            4.86180635833525,
            4.868739584864218,
            4.875324339754242,
            4.881578241605366,
            4.887517995224073,
            4.89315944423831,
            4.898517619604705,
            4.903606784507511,
            4.908440476071508,
            4.91303154424517,
            4.917392188154921,
            4.921533990184874,
            4.925467947997802,
            4.929204504681173,
            4.932753577175679,
            4.936124583122042,
            4.939326466243967,
            4.942367720370456,
            4.945256412188563,
            4.948000202807656,
            4.950606368207904,
            4.953081818638774,
            4.955433117027459,
            4.957666496452195,
            4.959787876731173,
            4.961802880174115,
            4.96371684654034,
            4.965534847244369,
            4.967261698847589,
            4.968901975872245,
            4.970460022971968,
            4.971939966491235,
            4.973345725444349,
            4.974681021943024,
            4.975949391100095,
            4.977154190435548,
            4.978298608809687,
            4.979385674907111,
            4.980418265293914,
            4.981399112069475,
            4.982330810133152,
            4.983215824085167,
            4.984056494780054,
            4.984855045550107,
            4.985613588115436,
            4.9863341281963836,
            4.987018570843305,
            4.987668725253183,
            4.988286308781269,
            4.988872953411105,
            4.989430209558995,
            4.989959549995686,
            4.990462373716527,
            4.99094000962202,
            4.991393720017595,
            4.991824703941064
        ],
        "total_dist": [
            0
        ]
    },
    "agent_1": {
        "id": 1,
        "time_conv": [
            10.000000000000007
        ],
        "time_direct": [
            7.0
        ],
        "direct_dist": [
            7.0
        ],
        "prox": [
            1.0
        ],