{
    "max_step": 200,
    "dt": 0.05,
    "converged": [
        false
    ],
    "collisions": [
        0
    ],
    "collisions_ser": [
        0
    ],
    "agent_0": {
        "id": 0,
        "time_conv": [
            0
        ],
        "time_direct": [
            0
        ],
        "direct_dist": [
            5.0
        ],
        "prox": [
            1.0
        ],
        "list_prox": [
            4.242640687119285,
            4.208268384828272,
            4.172545756502474,
            4.135642431115896,
            4.097731156407475,
            4.058981683959454,
            4.019610865419548,
            3.9797587587706285,
            3.9395229089890007,
            3.8989845861970505,
            3.858213656427955,
            3.8172747308770196,
            3.7762322479195616,
            3.735153718389925,
            3.6941111228884513,
            3.6531806994016915,
            3.612441468180343,
            3.571972976048519,
            3.5318528793308306,
            3.4921550003732005,
            3.452948305686686,
            3.4142910081601063,
            3.3761596545725263,
            3.338606782916964,
            3.301696050397959,
            3.2654914640151786,
            3.230058551474004,
            3.1954652499649594,
            3.1617825280791463,
            3.129046670859463,
            3.09756715884478,
            3.0672552494894414,
            3.0382823066088744,
            3.0107435779713065,
            2.9847373644775907,
            2.960292148580872,
            2.9372799007501205,
            2.9157945687384457,
            2.895930317938579,
            2.877780118633437,
            2.861434184836275,
            2.846978294833822,
            2.8344920360881027,
            2.8240470294718634,
            2.815323417464337,
            2.808292504568546,
            2.8029921380378653,
            2.7994033020114317,
            2.7974067464965873,
            2.7972735631872627,
            2.799298907585326,
            2.8034845410487645,
            2.8096997626054154,
            2.817807847338805,
            2.8275981504832095,
            2.838977943305818,
            2.8519222804017077,
            2.8664035488360606,
            2.882939705945638,
            2.901423916923953,
            2.921674392195954,
            2.943566323504412,
            2.967096079030921,
            2.9922345151201717,
            3.0188995524711064,
            3.0470062262885813,
            3.076551797659375,
            3.107566722906391,
            3.1399536843184412,
            3.173615029301875,
            3.2084536036182705,
            3.2443734836482347,
            3.281418693997476,
            3.3193840677368587,
            3.358186182850612,
            3.3977460390611745,
            3.4379894272877216,
            3.4788472036828457,
            3.520255441366933,
            3.562155395952184,
            3.6044931634629087,
            3.647218849900118,
            3.690285078034777,
            3.7336448429047464,
            3.7772491329925666,
            3.8210451170526394,
            3.8649756172571386,
            3.9090003501388346,
            3.9530069805461276,
            3.9969201618985313,
            4.040628169487997,
            4.084074594410751,
            4.127257109654097,
            4.17017285082505,
            4.212827078205357,
            4.255231240896284,
            4.2974009308221826,
            4.3372766404753955,
            4.3746561284390975,
            4.409726800988123,
            4.44265968082053,
            4.473610357122456,
            4.502720204677078,
            4.530117698343124,
            4.555919716581331,
            4.580232773939873,
            4.603154152685387,
            4.6247729227349,
            4.64517085030106,
            4.664423201804046,
            4.682599452431099,
            4.699763909463938,
            4.7159762599768635,
            4.731292051315095,
            4.7457642223712915,
            4.75944255146155,
            4.772373765727031,
            4.784599640104962,
            4.79615957446203,
            4.807090755726476,
            4.817428293251059,
            4.827205333309583,
            4.836453158611561,
            4.845201278171691,
            4.853477511854605,
            4.861308072625928,
            4.868717648223424,
            4.875729482827912,
            4.8823654584885166,
            4.888646175571222,
            4.894591031312218,
            4.900218295588028,
            4.905545183176025,
            4.910587921997555,
            4.915361817058595,
            4.919881309998506,
            4.924160034311725,
            4.928210866417588,
            4.932045972824475,
            4.935676853672961,
            4.939114382956953,
            4.942368845718935,
            4.945449972501489,
            4.948366971316898,
            4.951128557373137,
            4.953742980770276,
            4.956218052357733,
            4.958561167920796,
            4.960779330844814,
            4.962868717457589,
            4.964847487894849,
            4.966721453396655,
            4.968496122736615,
            4.970176717920922,
            4.9717681890360454,
            4.973275228302035,
            4.974702283382427,
            4.976053569996634,
            4.977333083876417,
            4.978544612104354,
            4.979691743869088,
            4.980777880669402,
            4.981806245996847,
            4.982779894524538,
            4.983701720827954,
            4.984574467661916,
            4.985400733816495,
            4.9861829815732515,
            4.986923543782037,
            4.987624630577477,
            4.98828833575322,
            4.98891664281114,
            4.989511430701744,
            4.990074479271254,
            4.990607474430046,
            4.991112013056379,
            4.991589607648685,
            4.992041690739014,
            4.992469619079598,
            4.99287467761394,
            4.993258083243215,
            4.99362098839828,
            4.993964484427028,
            4.994289604806355,
            4.994597328187496,
            4.994888581283032,
            4.995164241603405,
            4.9954251400502665,
            4.995672063373526,
            4.995905756498407,
            4.996126924728146,
            4.996336235827225,
            4.996534321988895,
            4.996721781689207,
            4.9968991814274135,
            4.9970670573488505,
            4.997225916740646,
            4.997376239382054,
            4.997518478721503,
            4.997653062853947
        ],
        "total_dist": [
            0
        ]
    },
    "agent_1": {
        "id": 1,
        "time_conv": [
            10.000000000000007
        ],
        "time_direct": [
            7.0
        ],
        "direct_dist": [
            7.0
        ],
        "prox": [
            1.0
        ],