{
    "max_step": 1000,
    "dt": 0.05,
    "converged": [
        false
    ],
    "collisions": [
        0
    ],
    "collisions_ser": [
        0
    ],
    "agent_0": {
        "id": 0,
        "time_conv": [
            1.4500000000000006
        ],
        "time_direct": [
            6.518147743032525
        ],
        "direct_dist": [
            6.518147743032525
        ],
        "prox": [
            0.971
        ],
        "list_prox": [
            1.0,
            2.0,
            3.0,
            4.0,
            5.0,
            6.0,
            7.0,
            8.0,
            9.0,
            10.0,
            11.0,
            12.0,
            13.0,
            14.0,
            15.0,
            16.0,
            17.0,
            18.0,
            19.0,
            20.0,
            21.0,
            22.0,
            23.0,
            24.0,
            25.0,
            26.0,
            27.0,
            28.0,
            29.0
        ],
        "total_dist": [
            1.1617195051920675
        ]
    },
    "agent_1": {
        "id": 1,
        "time_conv": [
            1.4500000000000006
        ],
        "time_direct": [
            8.298945716173833
        ],
        "direct_dist": [
            8.298945716173833
        ],
        "prox": [
            0.971
        ],
        "list_prox": [
            1.0,
            2.0,
            3.0,
            4.0,
            5.0,
            6.0,
            7.0,
            8.0,
            9.0,
            10.0,
            11.0,
            12.0,
            13.0,
            14.0,
            15.0,
            16.0,
            17.0,
            18.0,
            19.0,
            20.0,
            21.0,
            22.0,
            23.0,
            24.0,
            25.0,
            26.0,
            27.0,
            28.0,
            29.0
        ],
        "total_dist": [
            1.4173503724338175
        ]
    },
    "agent_2": {
        "id": 2,
        "time_conv": [
            1.4500000000000006
        ],
        "time_direct": [
            5.587933428379404
        ],
        "direct_dist": [
            5.587933428379404
        ],
        "prox": [
            0.971
        ],
        "list_prox": [
            1.0,
            2.0,
            3.0,
            4.0,
            5.0,
            6.0,
            7.0,
            8.0,
            9.0,
            10.0,
            11.0,
            12.0,
            13.0,
            14.0,
            15.0,
            16.0,
            17.0,
            18.0,
            19.0,
            20.0,
            21.0,
            22.0,
            23.0,
            24.0,
            25.0,
            26.0,
            27.0,
            28.0,
            29.0
        ],
        "total_dist": [
            1.8185237558399785
        ]
    }
}