{
    "max_step": 250,
    "dt": 0.05,
    "converged": [
        false
    ],
    "collisions": [
        736
    ],
    "collisions_ser": [
        0
    ],
    "agent_0": {
        "id": 0,
        "time_conv": [
            12.500000000000043
        ],
        "time_direct": [
            6.518147743032525
        ],
        "direct_dist": [
            6.518147743032525
        ],
        "prox": [
            0.1973714657877066
        ],
        "list_prox": [
            1.0,
            2.0,
            3.0,
            4.0,
            5.0,
            6.0,
            7.0,
            8.0,
            9.0,
            10.0,
            11.0,
            12.0,
            13.0,
            14.0,
            15.0,
            16.0,
            17.0,
            18.0,
            19.0,
            20.0,
            21.0,
            22.0,
            23.0,
            24.0,
            25.0,
            26.0,
            27.0,
            28.0,
            29.0,
            30.0,
            31.0,
            32.0,
            33.0,
            34.0,
            35.0,
            36.0,
            37.0,
            38.0,
            39.0,
            40.0,
            41.0,
            42.0,
            43.0,
            44.0,
            45.0,
            46.0,
            47.0,
            48.0,
            49.0,
            50.0,
            51.0,
            52.0,
            53.0,
            54.0,
            55.0,
            56.0,
            57.0,
            58.0,
            59.0,
            60.0,
            61.0,
            62.0,
            63.0,
            64.0,
            65.0,
            66.0,
            67.0,
            68.0,
            69.0,
            70.0,
            71.0,
            72.0,
            73.0,
            74.0,
            75.0,
            76.0,
            77.0,
            78.0,
            79.0,
            80.0,
            81.0,
            82.0,
            83.0,
            84.0,
            85.0,
            86.0,
            87.0,
            88.0,
            89.0,
            90.0,
            91.0,
            92.0,
            93.0,
            94.0,
            95.0,
            96.0,
            97.0,
            98.0,
            99.0,
            100.0,
            101.0,
            102.0,
            103.0,
            104.0,
            105.0,
            106.0,
            107.0,
            108.0,
            109.0,
            110.0,
            111.0,
            112.0,
            113.0,
            114.0,
            115.0,
            116.0,
            117.0,
            118.0,
            119.0,
            120.0,
            121.0,
            122.0,
            123.0,
            124.0,
            125.0,
            126.0,
            127.0,
            128.0,
            129.0,
            130.0,
            131.0,
            132.0,
            133.0,
            134.0,
            135.0,
            136.0,
            137.0,
            138.0,
            139.0,
            140.0,
            141.0,
            142.0,
            143.0,
            144.0,
            145.0,
            146.0,
            147.0,
            148.0,
            149.0,
            150.0,
            151.0,
            152.0,
            153.0,
            154.0,
            155.0,
            156.0,
            157.0,
            158.0,
            159.0,
            160.0,
            161.0,
            162.0,
            163.0,
            164.0,
            165.0,
            166.0,
            167.0,
            168.0,
            169.0,
            170.0,
            171.0,
            172.0,
            173.0,
            174.0,
            175.0,
            176.0,
            177.0,
            178.0,
            179.0,
            179.99925932230235,
            180.95128310750204,
            181.84614949073793,
            182.6722951993786,
            183.41810368924214,
            184.13288023141223,
            184.8255292520645,
            185.50243442922024,
            186.167800710781,
            186.8251622519304,
            187.47823924614423,
            188.13031932093298,
            188.77512164732457,
            189.40942115135007,
            190.03274707328654,
            190.64283374611693,
            191.2405296481269,
            191.8262825686981,
            192.3960413723855,
            192.9515946226181,
            193.4934085776996,
            194.01624278842212,
            194.52303664342082,
            195.01424423843997,
            195.48954858618728,
            195.94349855155312,
            196.37957158978767,
            196.80745593804576,
            197.2169307079017,
            197.60752527538767,
            197.9783200771316,
            198.32836733571773,
            198.65677153116505,
            198.96262477900976,
            199.24497366354095,
            199.5028156075984,
            199.7470769136465,
            199.96539516627595,
            200.15643587985087,
            200.31898018840343,
            200.45173687935994,
            200.55333553097367,
            200.62231877806187,
            200.65713355307335,
            200.65713355307335,
            200.65713355307335,
            200.65713355307335,
            200.65713355307335,
            200.65713355307335,
            200.65713355307335,
            200.65713355307335,
            200.65713355307335,
            200.65713355307335,
            200.65713355307335,
            200.65713355307335,
            200.65713355307335,
            200.65713355307335,
            200.65713355307335,
            200.65713355307335,
            200.65713355307335,
            200.65713355307335,
            200.65713355307335,
            200.65713355307335,
            200.65713355307335,
            200.65713355307335,
            200.65713355307335,
            200.65713355307335,
            200.65713355307335,
            200.65713355307335,
            200.65713355307335,
            200.65713355307335
        ],
        "total_dist": [
            7.838403436706572
        ]
    },
    "agent_1": {
        "id": 1,
        "time_conv": [
            12.500000000000043
        ],
        "time_direct": [
            8.298945716173833
        ],
        "direct_dist": [
            8.298945716173833
        ],
        "prox": [
            0.41718536875511947
        ],